hostip,sys_user_name,sys_user_passwd
192.168.10.214,TestUser01,3ye2yg7k!e
192.168.10.214,TestUser02,v$AfApHL#H
192.168.10.214,TestUser03,XHPalH5ayu
192.168.10.214,TestUser04,bTxAdtI#ZV
192.168.10.214,TestUser05,gNq0wxIGb5
192.168.10.214,TestUser06,nDWUlh!xJf
192.168.10.214,TestUser07,DUT#36iQjA
192.168.10.214,TestUser08,MENyqWEca6
192.168.10.214,TestUser09,7MtYCgvgNT
192.168.10.214,TestUser10,00S3syUdaG
192.168.10.214,TestUser11,m@x2jpaj4a
192.168.10.214,TestUser12,hrqTTI7SQ5
192.168.10.214,TestUser13,GyFReP4uAp
192.168.10.214,TestUser14,w#hxsw#TOn
192.168.10.214,TestUser15,DDZHM3sqA2
192.168.10.214,TestUser16,cXxDqWm2mK
192.168.10.214,TestUser17,5sZu!IMNgy
